source_model,occurrence_id,link,mass_g,com_x_m,com_y_m,com_z_m
base_link,203,base_link,408.5,-0.00799901936328196,-0.00021315532094278111,-0.033880282420697176
Zippy2800,5132,base_link,178.1,0.025957055049194946,-0.0010201551164827649,-0.048797951884584384
MDD3A_cytron,5293,base_link,20.0,-0.01576380569525848,0.05416999764229548,-0.034845034951755394
MDD3A_cytron,5516,base_link,20.0,-0.05894380344320256,0.05416999764229565,-0.021345032427940426
RASPBERRY_PI_5,5661,base_link,71.2,0.07379093515778112,0.014267669196898045,-0.02491992236183216
NUCLEO-F411RE,6038,base_link,34.4,-0.02685999777168036,-0.03749999892897904,-0.02999999932944775
MDD3A_cytron,6734,base_link,12.9,-0.029623803576179702,-0.04471000241604556,-0.028345040662874278
JACOBSPARTS-XL4015,5010,base_link,31.2,0.04161899928487216,-0.027388201205203203,-0.001801107071446165
omitted_large_gear,,base_link,15.6,0,0,0
arm_l_rev4,211,left_rocker_link,60.8,-6.018240259360857e-06,0.030326396458958297,-0.015317678659366661
STS3215_c,1501,left_rocker_link,59.8,-0.09013758039597196,0.04750063337386025,-0.02668043828603173
STS3215_c,1783,left_rocker_link,59.8,0.09013758044606841,0.04749936691946273,-0.026680438255020606
omitted_small_gear,,left_rocker_link,5.8,0,0,0
arm_r_rev4,338,right_rocker_link,60.8,5.9510054844541675e-06,-0.03037417369404501,-0.015144049234616506
STS3215_c,465,right_rocker_link,59.8,-0.09013758044479377,-0.04749936690708881,-0.026680438256862383
STS3215_c,674,right_rocker_link,59.8,0.09013758037842447,-0.04750063336518733,-0.02668043829782076
omitted_small_gear,,right_rocker_link,5.8,0,0,0
wheel_hub,2394,fl_steering_link,21.6,-0.002541879273811773,-0.029568576591091376,-0.03240431765827834
vb-motor-37,3608,fl_steering_link,203.2,-0.007142630846711333,-0.039408680177402775,-0.0690000865392411
rover_wheel_rev4,4301,fl_wheel_link,47.1,1.3534365063182682e-08,1.1917175736975658e-08,-0.0045908978838137115
wheel_hub_mirror,2946,fr_steering_link,21.6,-0.0025418655321750453,0.02956860096096613,-0.0324042501175504
vb-motor-37,3596,fr_steering_link,203.2,-0.007142630809325673,0.039408679896723295,-0.06899992310214541
rover_wheel_rev4,4165,fr_wheel_link,47.1,-1.3534365063182682e-08,1.1917175736975658e-08,0.0045908978838137115
wheel_hub_mirror,2812,rl_steering_link,21.6,0.0025418655321750453,-0.02956860096096613,-0.0324042501175504
vb-motor-37,3247,rl_steering_link,203.2,0.0071426308093256695,-0.039408679896723295,-0.06899992310214537
rover_wheel_rev4,4309,rl_wheel_link,47.1,1.3534365063182682e-08,1.1917175736975658e-08,-0.0045908978838137115
wheel_hub,2063,rr_steering_link,21.6,0.002541879273811773,0.029568576591091376,-0.03240431765827834
vb-motor-37,3080,rr_steering_link,203.2,0.007142630846711333,0.03940868017740277,-0.06900008653924108
rover_wheel_rev4,3929,rr_wheel_link,47.1,-1.3534365063182682e-08,1.1917175736975658e-08,0.0045908978838137115
D435_standalone_STL,sensor_d435,camera_link,72.0,-0.01286942497011691,0.007499938459487053,-0.0001114329962294606
IMU_standalone_STL,sensor_imu,imu_link,2.4,-0.006458225547000631,0.010199938328182657,0.0011149498809886382
